{"loss": 3.0806515216827393, "_timestamp": 1709205410.382478, "_runtime": 693.5911290645599, "_step": 88}