{"loss": 5.0968098640441895, "_timestamp": 1709206425.8213778, "_runtime": 1709.0300288200378, "_step": 222}