{"loss": 3.427173137664795, "_timestamp": 1709203870.7173748, "_runtime": 51.234739780426025, "_step": 4}