{"loss": 4.687687873840332, "_timestamp": 1709204693.873865, "_runtime": 100.8892068862915, "_step": 10}