{"loss": 3.4104156494140625, "_timestamp": 1709288270.898641, "_runtime": 76622.22653222084, "_step": 10550}