{"loss": 0.04047826677560806, "_timestamp": 1709296006.3225477, "_runtime": 7549.893326759338, "_step": 954}