{"loss": 2.15412974357605, "_timestamp": 1709288695.113119, "_runtime": 238.68389797210693, "_step": 49}