{"loss": 3.5213491916656494, "_timestamp": 1709211277.8109703, "_runtime": 4816.886485338211, "_step": 628}