{"loss": 12.870330810546875, "_timestamp": 1709288407.81848, "_runtime": 20.254266023635864, "_step": 0}