{"loss": 5.043712139129639, "_timestamp": 1709203800.5311613, "_runtime": 97.61386919021606, "_step": 10}