{"loss": 3.7840943336486816, "_timestamp": 1709204373.4810104, "_runtime": 433.1142873764038, "_step": 55}