{"loss": 4.0333733558654785, "_timestamp": 1709204029.8566775, "_runtime": 89.48995447158813, "_step": 9}